"NAME","TEAM","POS","SALARY","YEARS","TOTAL VALUE","AVG ANNUAL"
"Clayton Kershaw","LAD","SP","$ 33,000,000","7 (2014-20)","$ 215,000,000","$ 30,714,286"
"Zack Greinke","ARI","SP","$ 31,876,966","6 (2016-21)","$ 206,500,000","$ 34,416,666"
"David Price","BOS","SP","$ 30,000,000","7 (2016-22)","$ 217,000,000","$ 31,000,000"
"Miguel Cabrera","DET","1B","$ 28,000,000","10 (2014-23)","$ 292,000,000","$ 29,200,000"
"Justin Verlander","DET","SP","$ 28,000,000","7 (2013-19)","$ 180,000,000","$ 25,714,285"
"Hanley Ramirez","BOS","1B","$ 27,500,000","4 (2015-18)","$ 88,000,000","$ 22,000,000"
"Jason Heyward","CHC","RF","$ 26,055,288","8 (2016-23)","$ 184,000,000","$ 23,000,000"
"Albert Pujols","LAA","1B","$ 26,000,000","10 (2012-21)","$ 240,000,000","$ 24,000,000"
"Felix Hernandez","SEA","SP","$ 25,857,143","7 (2013-19)","$ 175,000,000","$ 25,000,000"
"Jon Lester","CHC","SP","$ 25,000,000","6 (2015-20)","$ 155,000,000","$ 25,833,333"
"CC Sabathia","NYY","SP","$ 25,000,000","5 (2012-16)","$ 122,000,000","$ 24,400,000"
"Robinson Cano","SEA","2B","$ 24,000,000","10 (2014-23)","$ 240,000,000","$ 24,000,000"
"Prince Fielder","TEX","DH","$ 24,000,000","9 (2012-20)","$ 214,000,000","$ 23,777,778"
"Josh Hamilton","TEX","LF","$ 24,000,000","5 (2013-17)","$ 125,000,000","$ 25,000,000"
"Yoenis Cespedes","NYM","CF","$ 23,635,364","3 (2016-18)","$ 75,000,000","$ 25,000,000"
"Johnny Cueto","SF","SP","$ 23,500,000","6 (2016-21)","$ 130,000,000","$ 21,666,666"
"Joe Mauer","MIN","1B","$ 23,000,000","8 (2011-18)","$ 184,000,000","$ 23,000,000"
"Ryan Howard","PHI","1B","$ 23,000,000","5 (2012-16)","$ 125,000,000","$ 25,000,000"
"Cole Hamels","TEX","SP","$ 22,500,000","6 (2013-18)","$ 144,000,000","$ 24,000,000"
"Adrian Gonzalez","LAD","1B","$ 22,357,142","7 (2012-18)","$ 154,000,000","$ 22,000,000"
"Buster Posey","SF","C","$ 22,177,778","9 (2013-21)","$ 167,000,000","$ 18,555,555"
"Max Scherzer","WSH","SP","$ 22,142,857","7 (2015-21)","$ 210,000,000","$ 30,000,000"
"Justin Upton","DET","LF","$ 22,125,000","6 (2016-21)","$ 132,750,000","$ 22,125,000"
"Joey Votto","CIN","1B","$ 22,000,000","10 (2014-23)","$ 225,000,000","$ 22,500,000"
"Masahiro Tanaka","NYY","SP","$ 22,000,000","7 (2014-20)","$ 155,000,000","$ 22,142,857"
"Jose Reyes","COL","SS","$ 22,000,000","6 (2012-17)","$ 106,000,000","$ 17,666,666"
"Carl Crawford","LAD","OF","$ 21,857,142","7 (2011-17)","$ 142,000,000","$ 20,285,714"
"Jayson Werth","WSH","LF","$ 21,571,429","7 (2011-17)","$ 126,000,000","$ 18,000,000"
"Matt Kemp","ATL","RF","$ 21,500,000","8 (2012-19)","$ 160,000,000","$ 20,000,000"
"Chris Davis","BAL","1B","$ 21,233,006","7 (2016-22)","$ 161,000,000","$ 23,000,000"
"Jacoby Ellsbury","NYY","CF","$ 21,142,857","7 (2014-20)","$ 153,000,000","$ 21,857,142"
"Alex Rodriguez","NYY","DH","$ 21,000,000","10 (2008-17)","$ 275,000,000","$ 27,500,000"
"James Shields","SD","SP","$ 21,000,000","4 (2015-18)","$ 75,000,000","$ 18,750,000"
"Freddie Freeman","ATL","1B","$ 20,859,375","8 (2014-21)","$ 135,000,000","$ 16,875,000"
"Matt Cain","SF","SP","$ 20,833,333","6 (2012-17)","$ 127,500,000","$ 21,250,000"
"Carlos Gonzalez","COL","RF","$ 20,428,571","7 (2011-17)","$ 80,000,000","$ 11,428,571"
"Rick Porcello","BOS","SP","$ 20,125,000","4 (2016-19)","$ 82,500,000","$ 20,625,000"
"Mike Trout","LAA","CF","$ 20,083,333","6 (2015-20)","$ 144,500,000","$ 24,083,333"
"Troy Tulowitzki","TOR","SS","$ 20,000,000","10 (2011-20)","$ 157,750,000","$ 15,775,000"
"Shin-Soo Choo","TEX","RF","$ 20,000,000","7 (2014-20)","$ 130,000,000","$ 18,571,429"
"Russell Martin","TOR","C","$ 20,000,000","5 (2015-19)","$ 82,000,000","$ 16,400,000"
"Jeff Samardzija","SF","SP","$ 19,800,000","5 (2016-20)","$ 90,000,000","$ 18,000,000"
"Adam Wainwright","STL","SP","$ 19,500,000","5 (2014-18)","$ 97,500,000","$ 19,500,000"
"David Wright","NYM","3B","$ 19,382,219","8 (2013-20)","$ 138,000,000","$ 17,250,000"
"Ryan Braun","MIL","OF","$ 19,199,365","13 (2008-20)","$ 150,000,000","$ 11,538,461"
"Homer Bailey","CIN","SP","$ 19,000,000","6 (2014-19)","$ 105,000,000","$ 17,500,000"
"Hunter Pence","SF","RF","$ 18,700,000","5 (2014-18)","$ 90,000,000","$ 18,000,000"
"Jordan Zimmermann","DET","SP","$ 18,000,000","5 (2016-20)","$ 110,000,000","$ 22,000,000"
"Victor Martinez","DET","DH","$ 18,000,000","4 (2015-18)","$ 68,000,000","$ 17,000,000"
"Pablo Sandoval","BOS","3B","$ 17,600,000","5 (2015-19)","$ 95,000,000","$ 19,000,000"
"Andre Ethier","LAD","LF","$ 17,500,000","5 (2013-17)","$ 85,000,000","$ 17,000,000"
"Jeremy Hellickson","PHI","SP","$ 17,200,000","1 (2017)","$ 17,200,000","$ 17,200,000"
"Neil Walker","NYM","2B","$ 17,200,000","1 (2017)","$ 17,200,000","$ 17,200,000"
"Brian McCann","NYY","C","$ 17,000,000","5 (2014-18)","$ 85,000,000","$ 17,000,000"
"Josh Donaldson","TOR","3B","$ 17,000,000","2 (2016-17)","$ 28,650,000","$ 14,325,000"
"Anibal Sanchez","DET","SP","$ 16,800,000","5 (2013-17)","$ 80,000,000","$ 16,000,000"
"Ben Zobrist","CHC","2B","$ 16,500,000","4 (2016-19)","$ 56,000,000","$ 14,000,000"
"Melvin Upton Jr.","SD","LF","$ 16,450,000","5 (2013-17)","$ 72,500,000","$ 14,500,000"
"Adam Jones","BAL","OF","$ 16,352,417","6 (2013-18)","$ 85,500,000","$ 14,250,000"
"Wade Miley","BAL","SP","$ 16,352,417","3 (2015-17)","$ 19,250,000","$ 6,416,666"
"Alex Gordon","KC","LF","$ 16,000,000","4 (2016-19)","$ 72,000,000","$ 18,000,000"
"John Lackey","CHC","SP","$ 16,000,000","2 (2016-17)","$ 32,000,000","$ 16,000,000"
"Carlos Beltran","HOU","RF","$ 16,000,000","1 (2017)","$ 16,000,000","$ 16,000,000"
"Jake Arrieta","CHC","SP","$ 15,637,500","1 (2017)","$ 15,637,500","$ 15,637,500"
"Wei-Yin Chen","MIA","SP","$ 15,500,000","5 (2016-20)","$ 80,000,000","$ 16,000,000"
"Elvis Andrus","TEX","SS","$ 15,333,333","8 (2015-22)","$ 120,000,000","$ 15,000,000"
"Mike Leake","STL","SP","$ 15,000,000","5 (2016-20)","$ 80,000,000","$ 16,000,000"
"Curtis Granderson","NYM","CF","$ 15,000,000","4 (2014-17)","$ 60,000,000","$ 15,000,000"
"Melky Cabrera","CWS","LF","$ 15,000,000","3 (2015-17)","$ 42,000,000","$ 14,000,000"
"Chase Utley","LAD","2B","$ 15,000,000","2 (2014-15)","$ 27,000,000","$ 13,500,000"
"Scott Kazmir","LAD","SP","$ 14,985,384","3 (2016-18)","$ 48,000,000","$ 16,000,000"
"Dustin Pedroia","BOS","2B","$ 14,642,348","8 (2014-21)","$ 110,000,000","$ 13,750,000"
"Giancarlo Stanton","MIA","RF","$ 14,500,000","13 (2015-27)","$ 325,000,000","$ 25,000,000"
"Marco Estrada","TOR","SP","$ 14,500,000","2 (2016-17)","$ 26,000,000","$ 13,000,000"
"Nelson Cruz","SEA","DH","$ 14,250,000","4 (2015-18)","$ 57,000,000","$ 14,250,000"
"Andrew McCutchen","PIT","CF","$ 14,208,333","6 (2012-17)","$ 51,500,000","$ 8,583,333"
"Yadier Molina","STL","C","$ 14,200,000","5 (2013-17)","$ 75,000,000","$ 15,000,000"
"Ryan Zimmerman","WSH","1B","$ 14,000,000","6 (2014-19)","$ 100,000,000","$ 16,666,666"
"Miguel Montero","CHC","C","$ 14,000,000","5 (2013-17)","$ 60,000,000","$ 12,000,000"
"Brandon Phillips","CIN","2B","$ 13,968,236","6 (2012-17)","$ 72,500,000","$ 12,083,333"
"Francisco Liriano","PIT","SP","$ 13,666,667","3 (2015-17)","$ 39,000,000","$ 13,000,000"
"J.J. Hardy","BAL","SS","$ 13,636,781","3 (2015-17)","$ 40,000,000","$ 13,333,333"
"Bryce Harper","WSH","RF","$ 13,625,000","1 (2017)","$ 13,625,000","$ 13,625,000"
"Ian Kennedy","KC","SP","$ 13,500,000","5 (2016-20)","$ 70,000,000","$ 14,000,000"
"Ervin Santana","MIN","SP","$ 13,500,000","4 (2015-18)","$ 55,000,000","$ 13,750,000"
"Phil Hughes","MIN","SP","$ 13,200,000","5 (2015-19)","$ 58,000,000","$ 11,600,000"
"Ubaldo Jimenez","BAL","P","$ 13,173,102","4 (2014-17)","$ 50,000,000","$ 12,500,000"
"Evan Longoria","TB","3B","$ 13,119,486","10 (2013-22)","$ 136,000,000","$ 13,600,000"
"Matt Harrison","PHI","SP","$ 13,000,000","5 (2013-17)","$ 55,000,000","$ 11,000,000"
"Chase Headley","NYY","3B","$ 13,000,000","4 (2015-18)","$ 52,000,000","$ 13,000,000"
"Jay Bruce","CIN","OF","$ 13,000,000","6 (2011-16)","$ 51,000,000","$ 8,500,000"
"Craig Kimbrel","BOS","RP","$ 13,000,000","4 (2014-17)","$ 42,000,000","$ 10,500,000"
"J.A. Happ","TOR","SP","$ 13,000,000","3 (2016-18)","$ 36,000,000","$ 12,000,000"
"Clay Buchholz","BOS","SP","$ 13,000,000","4 (2012-15)","$ 29,945,000","$ 7,486,250"
"Coco Crisp","OAK","CF","$ 13,000,000","2 (2015-16)","$ 22,000,000","$ 11,000,000"
"Matt Holliday","NYY","LF","$ 13,000,000","1 (2017)","$ 13,000,000","$ 13,000,000"
"Brett Gardner","NYY","LF","$ 12,500,000","4 (2015-18)","$ 52,000,000","$ 13,000,000"
"Bartolo Colon","ATL","SP","$ 12,500,000","1 (2017)","$ 12,500,000","$ 12,500,000"
"Eric Hosmer","KC","1B","$ 12,500,000","1 (2017)","$ 12,500,000","$ 12,500,000"
"Matt Garza","MIL","SP","$ 12,209,424","4 (2014-17)","$ 50,000,000","$ 12,500,000"
"Jose Abreu","CWS","1B","$ 12,166,667","6 (2014-19)","$ 68,000,000","$ 11,333,333"
"Ricky Nolasco","MIN","SP","$ 12,000,000","4 (2014-17)","$ 49,000,000","$ 12,250,000"
"David Robertson","CWS","RP","$ 12,000,000","4 (2015-18)","$ 46,000,000","$ 11,500,000"
"Gio Gonzalez","WSH","SP","$ 12,000,000","5 (2012-16)","$ 42,000,000","$ 8,400,000"
"Daniel Murphy","WSH","2B","$ 12,000,000","3 (2016-18)","$ 37,500,000","$ 12,500,000"
"Chris Sale","CWS","SP","$ 12,000,000","5 (2013-17)","$ 32,500,000","$ 6,500,000"
"Carlos Santana","CLE","C","$ 12,000,000","5 (2012-16)","$ 21,001,900","$ 4,200,380"
"Jason Hammel","CHC","P","$ 12,000,000","2 (2015-16)","$ 20,000,000","$ 10,000,000"
"Todd Frazier","CWS","3B","$ 12,000,000","1 (2017)","$ 12,000,000","$ 12,000,000"
"Jaime Garcia","STL","SP","$ 12,000,000","1 (2016)","$ 11,500,000","$ 11,500,000"
"J.D. Martinez","DET","RF","$ 11,750,000","2 (2016-17)","$ 18,500,000","$ 9,250,000"
"Madison Bumgarner","SF","SP","$ 11,666,667","5 (2013-17)","$ 35,000,000","$ 7,000,000"
"Billy Butler","OAK","DH","$ 11,666,667","3 (2015-17)","$ 30,000,000","$ 10,000,000"
"Brandon McCarthy","LAD","SP","$ 11,500,000","4 (2015-18)","$ 48,000,000","$ 12,000,000"
"Carlos Gomez","TEX","CF","$ 11,500,000","1 (2017)","$ 11,500,000","$ 11,500,000"
"Manny Machado","BAL","3B","$ 11,500,000","1 (2017)","$ 11,500,000","$ 11,500,000"
"Rusney Castillo","BOS","RF","$ 11,400,000","7 (2014-20)","$ 72,500,000","$ 10,357,142"
"Zach Britton","BAL","RP","$ 11,400,000","1 (2017)","$ 11,400,000","$ 11,400,000"
"Kyle Seager","SEA","3B","$ 11,000,000","7 (2015-21)","$ 100,000,000","$ 14,285,714"
"Ian Kinsler","DET","2B","$ 11,000,000","5 (2013-17)","$ 75,000,000","$ 15,000,000"
"Yu Darvish","TEX","SP","$ 11,000,000","6 (2012-17)","$ 56,000,000","$ 9,333,333"
"Nick Markakis","ATL","RF","$ 11,000,000","4 (2015-18)","$ 44,000,000","$ 11,000,000"
"Allen Craig","BOS","OF","$ 11,000,000","5 (2013-17)","$ 31,000,000","$ 6,200,000"
"Denard Span","SF","CF","$ 11,000,000","3 (2016-18)","$ 31,000,000","$ 10,333,333"
"Lorenzo Cain","KC","CF","$ 11,000,000","2 (2016-17)","$ 17,500,000","$ 8,750,000"
"Kendrys Morales","KC","DH","$ 11,000,000","2 (2015-16)","$ 17,000,000","$ 8,500,000"
"Yovani Gallardo","SEA","SP","$ 10,888,877","2 (2016-17)","$ 22,000,000","$ 11,000,000"
"Chris Tillman","BAL","SP","$ 10,050,000","1 (2017)","$ 10,050,000","$ 10,050,000"
"Miguel Alfredo Gonzalez","PHI","P","$ 10,000,000","3 (2014-16)","$ 120,000,000","$ 40,000,000"
"Jhonny Peralta","STL","SS","$ 10,000,000","4 (2014-17)","$ 53,000,000","$ 13,250,000"
"Matt Carpenter","STL","3B","$ 10,000,000","6 (2014-19)","$ 52,000,000","$ 8,666,666"
"Jon Niese","PIT","SP","$ 10,000,000","5 (2012-16)","$ 25,519,500","$ 5,103,900"
"Edinson Volquez","KC","SP","$ 10,000,000","2 (2015-16)","$ 20,000,000","$ 10,000,000"
"Cory Luebke","PIT","RP","$ 10,000,000","4 (2012-15)","$ 12,000,000","$ 3,000,000"
"Andrew Cashner","TEX","SP","$ 10,000,000","1 (2017)","$ 10,000,000","$ 10,000,000"
"David Ortiz","BOS","DH","$ 10,000,000","1 (2015)","$ 10,000,000","$ 10,000,000"
"Kris Medlen","KC","P","$ 10,000,000","2 (2015-16)","$ 8,500,000","$ 4,250,000"
"Wade Davis","KC","RP","$ 10,000,000","1 (2016)","$ 8,000,000","$ 8,000,000"
"Starlin Castro","NYY","2B","$ 9,857,142","7 (2013-19)","$ 60,000,000","$ 8,571,428"
"Howie Kendrick","LAD","2B","$ 9,540,378","2 (2016-17)","$ 20,000,000","$ 10,000,000"
"Yasmany Tomas","ARI","OF","$ 9,500,000","6 (2015-20)","$ 68,500,000","$ 11,416,666"
"Michael Brantley","CLE","OF","$ 9,375,000","4 (2014-17)","$ 25,000,000","$ 6,250,000"
"Jason Kipnis","CLE","2B","$ 9,166,667","6 (2014-19)","$ 52,500,000","$ 8,750,000"
"Dallas Keuchel","HOU","SP","$ 9,150,000","1 (2017)","$ 9,150,000","$ 9,150,000"
"Andrew Miller","NYY","RP","$ 9,000,000","4 (2015-18)","$ 36,000,000","$ 9,000,000"
"Chris Johnson","MIA","3B","$ 9,000,000","3 (2015-17)","$ 23,500,000","$ 7,833,333"
"Huston Street","LAA","RP","$ 9,000,000","2 (2016-17)","$ 18,000,000","$ 9,000,000"
"Paul Goldschmidt","ARI","1B","$ 8,833,333","5 (2014-18)","$ 32,000,000","$ 6,400,000"
"Mike Moustakas","KC","3B","$ 8,700,000","2 (2016-17)","$ 14,300,000","$ 7,150,000"
"Asdrubal Cabrera","NYM","SS","$ 8,250,000","2 (2016-17)","$ 18,500,000","$ 9,250,000"
"Yasiel Puig","LAD","RF","$ 8,214,285","7 (2012-18)","$ 42,000,000","$ 6,000,000"
"Brandon Crawford","SF","SS","$ 8,200,000","6 (2016-21)","$ 75,000,000","$ 12,500,000"
"Andrelton Simmons","LAA","SS","$ 8,000,000","7 (2014-20)","$ 58,000,000","$ 8,285,714"
"Jason Vargas","KC","SP","$ 8,000,000","4 (2014-17)","$ 32,000,000","$ 8,000,000"
"Omar Infante","KC","2B","$ 8,000,000","4 (2014-17)","$ 30,250,000","$ 7,562,500"
"Gerardo Parra","COL","LF","$ 8,000,000","3 (2016-18)","$ 27,500,000","$ 9,166,666"
"Joakim Soria","KC","RP","$ 8,000,000","3 (2016-18)","$ 25,000,000","$ 8,333,333"
"Mike Pelfrey","DET","SP","$ 8,000,000","2 (2016-17)","$ 16,000,000","$ 8,000,000"
"Hector Santiago","MIN","SP","$ 8,000,000","1 (2017)","$ 8,000,000","$ 8,000,000"
"Jon Jay","CHC","CF","$ 8,000,000","1 (2017)","$ 8,000,000","$ 8,000,000"
"Hyun-Jin Ryu","LAD","SP","$ 7,833,333","6 (2013-18)","$ 36,000,000","$ 6,000,000"
"Josh Harrison","PIT","2B","$ 7,750,000","4 (2015-18)","$ 27,300,000","$ 6,825,000"
"Dee Gordon","MIA","2B","$ 7,742,202","5 (2016-20)","$ 50,000,000","$ 10,000,000"
"Corey Kluber","CLE","SP","$ 7,700,000","5 (2015-19)","$ 38,500,000","$ 7,700,000"
"Ryan Madson","OAK","RP","$ 7,666,667","3 (2016-18)","$ 22,000,000","$ 7,333,333"
"Alex Guerrero","LAD","SS","$ 7,500,000","4 (2014-17)","$ 28,000,000","$ 7,000,000"
"Lance Lynn","STL","SP","$ 7,500,000","3 (2015-17)","$ 22,000,000","$ 7,333,333"
"Joaquin Benoit","PHI","RP","$ 7,500,000","1 (2017)","$ 7,500,000","$ 7,500,000"
"R.A. Dickey","ATL","SP","$ 7,500,000","1 (2017)","$ 7,500,000","$ 7,500,000"
"Addison Reed","NYM","RP","$ 7,425,000","1 (2017)","$ 7,425,000","$ 7,425,000"
"Jeurys Familia","NYM","RP","$ 7,425,000","1 (2017)","$ 7,425,000","$ 7,425,000"
"Michael Pineda","NYY","SP","$ 7,400,000","1 (2017)","$ 7,400,000","$ 7,400,000"
"Cody Allen","CLE","RP","$ 7,350,000","1 (2017)","$ 7,350,000","$ 7,350,000"
"Devin Mesoraco","CIN","C","$ 7,325,000","4 (2015-18)","$ 28,000,000","$ 7,000,000"
"Charlie Blackmon","COL","CF","$ 7,300,000","1 (2017)","$ 7,300,000","$ 7,300,000"
"Anthony Rizzo","CHC","1B","$ 7,285,714","7 (2013-19)","$ 41,000,000","$ 5,857,142"
"Lucas Duda","NYM","1B","$ 7,250,000","1 (2017)","$ 7,250,000","$ 7,250,000"
"Jose Quintana","CWS","SP","$ 7,000,000","5 (2014-18)","$ 21,000,000","$ 4,200,000"
"Charlie Morton","PHI","SP","$ 7,000,000","2 (2017-18)","$ 14,000,000","$ 7,000,000"
"Matt Moore","TB","SP","$ 7,000,000","5 (2012-16)","$ 14,000,000","$ 2,800,000"
"Seth Smith","SEA","RF","$ 7,000,000","2 (2015-16)","$ 13,000,000","$ 6,500,000"
"Yunel Escobar","LAA","3B","$ 7,000,000","2 (2015-16)","$ 13,000,000","$ 6,500,000"
"Logan Forsythe","TB","2B","$ 7,000,000","2 (2016-17)","$ 10,250,000","$ 5,125,000"
"Luke Hochevar","KC","RP","$ 7,000,000","2 (2015-16)","$ 10,000,000","$ 5,000,000"
"Greg Holland","COL","P","$ 7,000,000","1 (2017)","$ 7,000,000","$ 7,000,000"
"Darren O'Day","BAL","RP","$ 6,854,712","4 (2016-19)","$ 31,000,000","$ 7,750,000"
"Drew Smyly","SEA","SP","$ 6,850,000","1 (2017)","$ 6,850,000","$ 6,850,000"
"Garrett Richards","LAA","SP","$ 6,850,000","1 (2017)","$ 6,850,000","$ 6,850,000"
"A.J. Pollock","ARI","CF","$ 6,750,000","2 (2016-17)","$ 10,250,000","$ 5,125,000"
"Antonio Bastardo","NYM","RP","$ 6,625,000","2 (2016-17)","$ 12,000,000","$ 6,000,000"
"A.J. Ramos","MIA","RP","$ 6,550,000","1 (2017)","$ 6,550,000","$ 6,550,000"
"Jed Lowrie","OAK","2B","$ 6,500,000","3 (2015-17)","$ 23,000,000","$ 7,666,666"
"Glen Perkins","MIN","RP","$ 6,500,000","4 (2014-17)","$ 22,175,000","$ 5,543,750"
"Carlos Carrasco","CLE","SP","$ 6,500,000","4 (2015-18)","$ 22,000,000","$ 5,500,000"
"Chris Young","BOS","LF","$ 6,500,000","2 (2016-17)","$ 13,000,000","$ 6,500,000"
"Pat Neshek","HOU","RP","$ 6,500,000","2 (2015-16)","$ 12,500,000","$ 6,250,000"
"Alcides Escobar","KC","SS","$ 6,500,000","1 (2016)","$ 5,250,000","$ 1,312,500"
"Julio Teheran","ATL","P","$ 6,466,666","6 (2014-19)","$ 32,400,000","$ 5,400,000"
"Trevor Rosenthal","STL","RP","$ 6,400,000","1 (2017)","$ 6,400,000","$ 6,400,000"
"Kole Calhoun","LAA","RF","$ 6,350,000","1 (2017)","$ 6,350,000","$ 6,350,000"
"Luke Gregerson","HOU","RP","$ 6,250,000","3 (2015-17)","$ 18,500,000","$ 6,166,666"
"Jean Segura","SEA","SS","$ 6,200,000","1 (2017)","$ 6,200,000","$ 6,200,000"
"Tyler Clippard","ARI","RP","$ 6,150,000","2 (2016-17)","$ 12,250,000","$ 6,125,000"
"Hector Olivera","ATL","OF","$ 6,000,000","6 (2015-20)","$ 62,500,000","$ 10,416,666"
"Jedd Gyorko","STL","3B","$ 6,000,000","6 (2014-19)","$ 35,510,900","$ 5,918,483"
"Brian Dozier","MIN","2B","$ 6,000,000","4 (2015-18)","$ 20,000,000","$ 5,000,000"
"Tony Sipp","HOU","RP","$ 6,000,000","3 (2016-18)","$ 18,000,000","$ 6,000,000"
"Francisco Rodriguez","DET","RP","$ 6,000,000","2 (2015-16)","$ 13,000,000","$ 6,500,000"
"Kurt Suzuki","MIN","C","$ 6,000,000","2 (2015-16)","$ 12,000,000","$ 6,000,000"
"Steve Cishek","SEA","RP","$ 6,000,000","2 (2016-17)","$ 10,000,000","$ 5,000,000"
"Derek Holland","CWS","SP","$ 6,000,000","1 (2017)","$ 6,000,000","$ 6,000,000"
"Koji Uehara","CHC","RP","$ 6,000,000","1 (2017)","$ 6,000,000","$ 6,000,000"
"Jake McGee","COL","RP","$ 5,900,000","1 (2017)","$ 5,900,000","$ 5,900,000"
"Miguel Gonzalez","CWS","SP","$ 5,900,000","1 (2017)","$ 5,900,000","$ 5,900,000"
"Anthony Rendon","WSH","3B","$ 5,800,000","1 (2017)","$ 5,800,000","$ 5,800,000"
"Hector Rondon","CHC","RP","$ 5,800,000","1 (2017)","$ 5,800,000","$ 5,800,000"
"Chris Young","KC","SP","$ 5,750,000","2 (2016-17)","$ 11,500,000","$ 5,750,000"
"Sean Rodriguez","ATL","1B","$ 5,750,000","2 (2017-18)","$ 11,500,000","$ 5,750,000"
"Jesse Chavez","LAA","SP","$ 5,750,000","1 (2017)","$ 5,750,000","$ 5,750,000"
"Tom Koehler","MIA","SP","$ 5,750,000","1 (2017)","$ 5,750,000","$ 5,750,000"
"Danny Valencia","SEA","3B","$ 5,550,000","1 (2017)","$ 5,550,000","$ 5,550,000"
"Shawn Kelley","WSH","RP","$ 5,500,000","3 (2016-18)","$ 15,000,000","$ 5,000,000"
"Zach Duke","CWS","RP","$ 5,500,000","3 (2015-17)","$ 15,000,000","$ 5,000,000"
"Mark Lowe","DET","RP","$ 5,500,000","2 (2016-17)","$ 11,000,000","$ 5,500,000"
"John Axford","OAK","RP","$ 5,500,000","2 (2016-17)","$ 10,000,000","$ 5,000,000"
"Mitch Moreland","BOS","1B","$ 5,500,000","1 (2017)","$ 5,500,000","$ 5,500,000"
"Yasmani Grandal","LAD","C","$ 5,500,000","1 (2017)","$ 5,500,000","$ 5,500,000"
"Danny Espinosa","LAA","SS","$ 5,425,000","1 (2017)","$ 5,425,000","$ 5,425,000"
"Starling Marte","PIT","LF","$ 5,333,333","6 (2014-19)","$ 31,000,000","$ 5,166,666"
"Zack Cozart","CIN","SS","$ 5,325,000","1 (2017)","$ 5,325,000","$ 5,325,000"
"Jonathan Lucroy","MIL","C","$ 5,250,000","5 (2012-16)","$ 11,000,000","$ 2,200,000"
"Jordan Walden","STL","RP","$ 5,250,000","2 (2015-16)","$ 6,600,000","$ 3,300,000"
"Matt Harvey","NYM","SP","$ 5,125,000","1 (2017)","$ 5,125,000","$ 5,125,000"
"Didi Gregorius","NYY","SS","$ 5,100,000","1 (2017)","$ 5,100,000","$ 5,100,000"
"Jason Motte","COL","RP","$ 5,000,000","2 (2016-17)","$ 10,000,000","$ 5,000,000"
"Jim Johnson","ATL","RP","$ 5,000,000","2 (2017-18)","$ 10,000,000","$ 5,000,000"
"Chris Archer","TB","SP","$ 4,916,667","6 (2014-19)","$ 25,500,000","$ 4,250,000"
"Leonys Martin","SEA","CF","$ 4,850,000","1 (2017)","$ 4,850,000","$ 4,850,000"
"DJ LeMahieu","COL","2B","$ 4,800,000","2 (2016-17)","$ 7,800,000","$ 3,900,000"
"Jose Altuve","HOU","2B","$ 4,687,500","4 (2014-17)","$ 12,500,000","$ 3,125,000"
"Martin Perez","TEX","SP","$ 4,650,000","4 (2014-17)","$ 12,500,000","$ 3,125,000"
"Bryan Shaw","CLE","RP","$ 4,600,000","1 (2017)","$ 4,600,000","$ 4,600,000"
"Yan Gomes","CLE","C","$ 4,583,333","6 (2014-19)","$ 23,000,000","$ 3,833,333"
"Carlos Ruiz","PHI","C","$ 4,500,000","3 (2014-16)","$ 26,000,000","$ 8,666,666"
"Juan Lagares","NYM","CF","$ 4,500,000","5 (2015-19)","$ 23,553,696","$ 4,710,739"
"Xander Bogaerts","BOS","SS","$ 4,500,000","1 (2017)","$ 4,500,000","$ 4,500,000"
"Drew Pomeranz","BOS","SP","$ 4,450,000","1 (2017)","$ 4,450,000","$ 4,450,000"
"Tyler Chatwood","COL","SP","$ 4,400,000","1 (2017)","$ 4,400,000","$ 4,400,000"
"Adeiny Hechavarria","MIA","SS","$ 4,350,000","1 (2017)","$ 4,350,000","$ 4,350,000"
"Freddy Galvis","PHI","SS","$ 4,350,000","1 (2017)","$ 4,350,000","$ 4,350,000"
"Jordy Mercer","PIT","SS","$ 4,325,000","1 (2017)","$ 4,325,000","$ 4,325,000"
"Tanner Roark","WSH","SP","$ 4,315,000","1 (2017)","$ 4,315,000","$ 4,315,000"
"Wily Peralta","MIL","SP","$ 4,275,000","1 (2017)","$ 4,275,000","$ 4,275,000"
"Raisel Iglesias","CIN","SP","$ 4,214,285","7 (2014-20)","$ 27,000,000","$ 3,857,142"
"Salvador Perez","KC","C","$ 4,200,000","6 (2016-21)","$ 54,500,000","$ 9,083,333"
"Hyun-soo Kim","BAL","LF","$ 4,200,000","2 (2016-17)","$ 7,000,000","$ 3,500,000"
"Alex Cobb","TB","SP","$ 4,200,000","1 (2017)","$ 4,200,000","$ 4,200,000"
"Derek Norris","WSH","C","$ 4,200,000","1 (2017)","$ 4,200,000","$ 4,200,000"
"Eduardo Nunez","SF","SS","$ 4,200,000","1 (2017)","$ 4,200,000","$ 4,200,000"
"Jeanmar Gomez","PHI","RP","$ 4,200,000","1 (2017)","$ 4,200,000","$ 4,200,000"
"Jose Iglesias","DET","SS","$ 4,100,000","1 (2017)","$ 4,100,000","$ 4,100,000"
"Jacob deGrom","NYM","SP","$ 4,050,000","1 (2017)","$ 4,050,000","$ 4,050,000"
"Adam Eaton","CWS","LF","$ 4,000,000","5 (2015-19)","$ 23,500,000","$ 4,700,000"
"John Jaso","PIT","1B","$ 4,000,000","2 (2016-17)","$ 8,000,000","$ 4,000,000"
"Mike Minor","KC","SP","$ 4,000,000","2 (2016-17)","$ 7,250,000","$ 3,625,000"
"Oliver Perez","WSH","RP","$ 4,000,000","2 (2016-17)","$ 7,000,000","$ 3,500,000"
"Yonder Alonso","OAK","1B","$ 4,000,000","1 (2017)","$ 4,000,000","$ 4,000,000"
"Patrick Corbin","ARI","RP","$ 3,950,000","1 (2017)","$ 3,950,000","$ 3,950,000"
"George Springer","HOU","RF","$ 3,900,000","1 (2017)","$ 3,900,000","$ 3,900,000"
"Ryan Hanigan","BOS","C","$ 3,750,000","3 (2014-16)","$ 10,750,000","$ 3,583,333"
"Jonathan Broxton","STL","RP","$ 3,750,000","2 (2016-17)","$ 7,500,000","$ 3,750,000"
"Chad Qualls","COL","RP","$ 3,750,000","2 (2016-17)","$ 6,000,000","$ 3,000,000"
"Gerrit Cole","PIT","SP","$ 3,750,000","1 (2017)","$ 3,750,000","$ 3,750,000"
"Jorge Soler","CHC","RF","$ 3,666,666","9 (2012-20)","$ 30,000,000","$ 3,333,333"
"Juan Nicasio","PIT","RP","$ 3,650,000","1 (2017)","$ 3,650,000","$ 3,650,000"
"Jackie Bradley Jr.","BOS","CF","$ 3,600,000","1 (2017)","$ 3,600,000","$ 3,600,000"
"Brad Miller","TB","SS","$ 3,575,000","1 (2017)","$ 3,575,000","$ 3,575,000"
"Sonny Gray","OAK","SP","$ 3,575,000","1 (2017)","$ 3,575,000","$ 3,575,000"
"Trevor Bauer","CLE","SP","$ 3,550,000","1 (2017)","$ 3,550,000","$ 3,550,000"
"Sam Dyson","TEX","RP","$ 3,520,000","1 (2017)","$ 3,520,000","$ 3,520,000"
"Christian Yelich","MIA","LF","$ 3,500,000","7 (2015-21)","$ 49,570,000","$ 7,081,428"
"Brett Lawrie","CWS","2B","$ 3,500,000","1 (2017)","$ 3,500,000","$ 3,500,000"
"Marcell Ozuna","MIA","CF","$ 3,500,000","1 (2017)","$ 3,500,000","$ 3,500,000"
"Jonathan Schoop","BAL","2B","$ 3,475,000","1 (2017)","$ 3,475,000","$ 3,475,000"
"Yordano Ventura","KC","SP","$ 3,450,000","5 (2015-19)","$ 23,000,000","$ 4,600,000"
"Danny Salazar","CLE","SP","$ 3,400,000","1 (2017)","$ 3,400,000","$ 3,400,000"
"Matt Shoemaker","LAA","SP","$ 3,325,000","1 (2017)","$ 3,325,000","$ 3,325,000"
"Erasmo Ramirez","TB","RP","$ 3,210,000","1 (2017)","$ 3,210,000","$ 3,210,000"
"Jordan Lyles","COL","RP","$ 3,180,000","1 (2017)","$ 3,180,000","$ 3,180,000"
"Kenta Maeda","LAD","SP","$ 3,125,000","8 (2016-23)","$ 25,000,000","$ 3,125,000"
"Corey Dickerson","TB","LF","$ 3,025,000","1 (2017)","$ 3,025,000","$ 3,025,000"
"Jason Grilli","ATL","P","$ 3,000,000","2 (2015-16)","$ 8,000,000","$ 4,000,000"
"Tyler Flowers","ATL","C","$ 3,000,000","2 (2016-17)","$ 5,000,000","$ 2,500,000"
"Andres Blanco","PHI","2B","$ 3,000,000","1 (2017)","$ 3,000,000","$ 3,000,000"
"Avisail Garcia","CWS","DH","$ 3,000,000","1 (2017)","$ 3,000,000","$ 3,000,000"
"Nick Castellanos","DET","3B","$ 3,000,000","1 (2017)","$ 3,000,000","$ 3,000,000"
"Radhames Liz","PIT","P","$ 3,000,000","1 (2015)","$ 1,000,000","$ 1,000,000"
"Kevin Kiermaier","TB","CF","$ 2,975,000","1 (2017)","$ 2,975,000","$ 2,975,000"
"Stephen Vogt","OAK","C","$ 2,965,000","1 (2017)","$ 2,965,000","$ 2,965,000"
"Brandon Kintzler","MIN","RP","$ 2,925,000","1 (2017)","$ 2,925,000","$ 2,925,000"
"Kyle Gibson","MIN","SP","$ 2,900,000","1 (2017)","$ 2,900,000","$ 2,900,000"
"Darwin Barney","TOR","2B","$ 2,887,500","1 (2017)","$ 2,887,500","$ 2,887,500"
"Jared Hughes","PIT","RP","$ 2,825,000","1 (2017)","$ 2,825,000","$ 2,825,000"
"Alex Wood","LAD","RP","$ 2,800,000","1 (2017)","$ 2,800,000","$ 2,800,000"
"Jarrod Dyson","SEA","RF","$ 2,800,000","1 (2017)","$ 2,800,000","$ 2,800,000"
"Joe Kelly","BOS","RP","$ 2,800,000","1 (2017)","$ 2,800,000","$ 2,800,000"
"Matt Adams","STL","1B","$ 2,800,000","1 (2017)","$ 2,800,000","$ 2,800,000"
"Byung Ho Park","MIN","DH","$ 2,750,000","4 (2016-19)","$ 12,000,000","$ 3,000,000"
"Sean Doolittle","OAK","RP","$ 2,630,000","5 (2014-18)","$ 10,500,000","$ 2,100,000"
"Billy Hamilton","CIN","CF","$ 2,625,000","1 (2017)","$ 2,625,000","$ 2,625,000"
"Josh Tomlin","CLE","SP","$ 2,500,000","2 (2016-17)","$ 5,500,000","$ 2,750,000"
"A.J. Ellis","MIA","C","$ 2,500,000","1 (2017)","$ 2,500,000","$ 2,500,000"
"Fernando Rodney","ARI","RP","$ 2,500,000","1 (2017)","$ 2,500,000","$ 2,500,000"
"Joel Peralta","SEA","RP","$ 2,500,000","1 (2015)","$ 2,500,000","$ 2,500,000"
"Will Smith","SF","RP","$ 2,500,000","1 (2017)","$ 2,500,000","$ 2,500,000"
"James Paxton","SEA","SP","$ 2,350,000","1 (2017)","$ 2,350,000","$ 2,350,000"
"Chris Owings","ARI","SS","$ 2,300,000","1 (2017)","$ 2,300,000","$ 2,300,000"
"Drew Hutchison","PIT","SP","$ 2,300,000","1 (2017)","$ 2,300,000","$ 2,300,000"
"Adam Warren","NYY","RP","$ 2,290,000","1 (2017)","$ 2,290,000","$ 2,290,000"
"Jung-ho Kang","PIT","3B","$ 2,275,000","4 (2015-18)","$ 11,000,000","$ 2,750,000"
"Kolten Wong","STL","2B","$ 2,250,000","5 (2016-20)","$ 25,500,000","$ 5,100,000"
"Cliff Pennington","LAA","2B","$ 2,250,000","2 (2016-17)","$ 3,750,000","$ 1,875,000"
"Adam Ottavino","COL","RP","$ 2,100,000","3 (2016-18)","$ 10,400,000","$ 3,466,666"
"Jeremy Jeffress","TEX","RP","$ 2,100,000","1 (2017)","$ 2,100,000","$ 2,100,000"
"Tyler Thornburg","BOS","RP","$ 2,050,000","1 (2017)","$ 2,050,000","$ 2,050,000"
"Wil Myers","SD","1B","$ 2,000,000","6 (2017-22)","$ 83,000,000","$ 13,833,333"
"Jon Singleton","HOU","1B","$ 2,000,000","5 (2014-18)","$ 10,000,000","$ 2,000,000"
"A.J. Griffin","TEX","SP","$ 2,000,000","1 (2017)","$ 2,000,000","$ 2,000,000"
"Brian Duensing","CHC","RP","$ 2,000,000","1 (2017)","$ 2,000,000","$ 2,000,000"
"Brock Holt","BOS","LF","$ 1,950,000","1 (2017)","$ 1,950,000","$ 1,950,000"
"Robinson Chirinos","TEX","C","$ 1,950,000","1 (2017)","$ 1,950,000","$ 1,950,000"
"Nate Jones","CWS","RP","$ 1,900,000","3 (2016-18)","$ 8,000,000","$ 2,666,667"
"Brandon Maurer","SD","RP","$ 1,900,000","1 (2017)","$ 1,900,000","$ 1,900,000"
"Travis d'Arnaud","NYM","C","$ 1,875,000","1 (2017)","$ 1,875,000","$ 1,875,000"
"Justin Grimm","CHC","RP","$ 1,825,000","1 (2017)","$ 1,825,000","$ 1,825,000"
"Tony Cingrani","CIN","RP","$ 1,825,000","1 (2017)","$ 1,825,000","$ 1,825,000"
"Zach McAllister","CLE","RP","$ 1,825,000","1 (2017)","$ 1,825,000","$ 1,825,000"
"Robbie Ross Jr.","BOS","RP","$ 1,820,000","1 (2017)","$ 1,820,000","$ 1,820,000"
"Ryan Flaherty","BAL","2B","$ 1,800,000","1 (2017)","$ 1,800,000","$ 1,800,000"
"Christian Friedrich","SD","SP","$ 1,790,000","1 (2017)","$ 1,790,000","$ 1,790,000"
"Randall Delgado","ARI","RP","$ 1,775,000","1 (2017)","$ 1,775,000","$ 1,775,000"
"Tony Barnette","TEX","RP","$ 1,750,000","2 (2016-17)","$ 3,500,000","$ 1,750,000"
"Dustin McGowan","MIA","RP","$ 1,750,000","1 (2017)","$ 1,750,000","$ 1,750,000"
"George Kontos","SF","RP","$ 1,750,000","1 (2017)","$ 1,750,000","$ 1,750,000"
"Trevor Cahill","SD","SP","$ 1,750,000","1 (2017)","$ 1,750,000","$ 1,750,000"
"Derek Dietrich","MIA","3B","$ 1,700,000","1 (2017)","$ 1,700,000","$ 1,700,000"
"Brad Boxberger","TB","RP","$ 1,600,000","1 (2017)","$ 1,600,000","$ 1,600,000"
"Arodys Vizcaino","ATL","RP","$ 1,550,000","1 (2017)","$ 1,550,000","$ 1,550,000"
"Drew Butera","KC","C","$ 1,500,000","2 (2017-18)","$ 3,800,000","$ 1,900,000"
"Luis Avilan","LAD","RP","$ 1,500,000","1 (2017)","$ 1,500,000","$ 1,500,000"
"Chris Stewart","PIT","C","$ 1,400,000","2 (2016-17)","$ 3,000,000","$ 1,500,000"
"Chris Heisey","WSH","LF","$ 1,400,000","1 (2017)","$ 1,400,000","$ 1,400,000"
"Conor Gillaspie","SF","3B","$ 1,400,000","1 (2017)","$ 1,400,000","$ 1,400,000"
"Dan Jennings","CWS","RP","$ 1,400,000","1 (2017)","$ 1,400,000","$ 1,400,000"
"Lonnie Chisenhall","CLE","RF","$ 1,400,000","1 (2017)","$ 1,400,000","$ 1,400,000"
"Brad Hand","SD","RP","$ 1,375,000","1 (2017)","$ 1,375,000","$ 1,375,000"
"Nick Vincent","SEA","RP","$ 1,325,000","1 (2017)","$ 1,325,000","$ 1,325,000"
"Sandy Leon","BOS","C","$ 1,300,000","1 (2017)","$ 1,300,000","$ 1,300,000"
"Xavier Cedeno","TB","RP","$ 1,300,000","1 (2017)","$ 1,300,000","$ 1,300,000"
"Blake Wood","CIN","RP","$ 1,275,000","1 (2017)","$ 1,275,000","$ 1,275,000"
"Josh Collmenter","ATL","SP","$ 1,200,000","1 (2017)","$ 1,200,000","$ 1,200,000"
"Ryan Pressly","MIN","RP","$ 1,175,000","1 (2017)","$ 1,175,000","$ 1,175,000"
"Ezequiel Carrera","TOR","LF","$ 1,162,500","1 (2017)","$ 1,162,500","$ 1,162,500"
"Aaron Loup","TOR","RP","$ 1,125,000","1 (2017)","$ 1,125,000","$ 1,125,000"
"Zach Putnam","CWS","RP","$ 1,117,500","1 (2017)","$ 1,117,500","$ 1,117,500"
"Jake Marisnick","HOU","CF","$ 1,100,000","1 (2017)","$ 1,100,000","$ 1,100,000"
"Dan Otero","CLE","RP","$ 1,055,000","1 (2017)","$ 1,055,000","$ 1,055,000"
"Cory Gearrin","SF","RP","$ 1,050,000","1 (2017)","$ 1,050,000","$ 1,050,000"
"Josh Fields","LAD","RP","$ 1,050,000","1 (2017)","$ 1,050,000","$ 1,050,000"
"Jurickson Profar","TEX","2B","$ 1,005,000","1 (2017)","$ 1,005,000","$ 1,005,000"
"Andrew Bailey","LAA","RP","$ 1,000,000","1 (2017)","$ 1,000,000","$ 1,000,000"
"Carter Capps","SD","RP","$ 987,500","1 (2017)","$ 987,500","$ 987,500"
"Tanner Scheppers","TEX","RP","$ 975,000","1 (2017)","$ 975,000","$ 975,000"
"Chris Herrmann","ARI","C","$ 937,500","1 (2017)","$ 937,500","$ 937,500"
"Evan Scribner","SEA","RP","$ 907,500","1 (2017)","$ 907,500","$ 907,500"
"Danny Farquhar","TB","RP","$ 900,000","1 (2017)","$ 900,000","$ 900,000"
"Ian Krol","ATL","RP","$ 900,000","1 (2017)","$ 900,000","$ 900,000"
"Tim Beckham","TB","2B","$ 855,000","1 (2017)","$ 855,000","$ 855,000"
"Jake Petricka","CWS","RP","$ 825,000","1 (2017)","$ 825,000","$ 825,000"
"Austin Romine","NYY","C","$ 805,000","1 (2017)","$ 805,000","$ 805,000"
"Anthony Recker","ATL","C","$ 800,000","1 (2017)","$ 800,000","$ 800,000"
"Zack Wheeler","NYM","SP","$ 800,000","1 (2017)","$ 800,000","$ 800,000"
"T.J. McFarland","BAL","RP","$ 685,000","1 (2017)","$ 685,000","$ 685,000"
"Logan Ondrusek","BAL","RP","$ 650,000","1 (2017)","$ 650,000","$ 650,000"
"Paco Rodriguez","ATL","RP","$ 637,500","1 (2017)","$ 637,500","$ 637,500"
"Brandon Workman","BOS","SP","$ 635,000","1 (2017)","$ 635,000","$ 635,000"
"Tuffy Gosewisch","ATL","C","$ 625,000","1 (2017)","$ 625,000","$ 625,000"
"Ehire Adrianza","SF","SS","$ 600,000","1 (2017)","$ 600,000","$ 600,000"
"Martin Prado","MIA","3B","$ 0","4 (2015-18)","$ 40,000,000","$ 10,000,000"
